ime;ekipa;stevilo_tekem;zacetna_postava;minutaza;stevilo_zadetih_metov_iz_igre;stevilo_metov_iz_igre;stevilo_zadetih_trojk;stevilo_trojk;stevilo_zadetih_prostih_metov;stevilo_prostih_metov;skoki_v_napadu;skoki_v_obrambi;podaje;ukradene_zoge;blokade;izgubljene_zoge;osebne_napake;tocke;Placa.placa
Aaron Gordon;ORL;78;78;2633;470;1046;121;347;185;253;129;445;289;57;56;162;172;1246;$21590909
Aaron Holiday;IND;50;0;646;105;262;43;127;41;50;5;62;87;21;13;40;70;294;$1911960
Abdel Nader;OKC;61;1;694;91;215;32;100;27;36;14;102;20;20;12;26;68;241;$1378242
Al Horford;BOS;68;68;1973;387;723;73;203;78;95;120;338;283;59;86;102;126;925;$28928710
Alan Williams;BRK;5;0;26;8;13;0;1;2;4;4;15;3;1;0;1;2;18;
Alec Burks;TOT;64;24;1375;192;474;61;168;116;141;30;205;128;39;21;65;91;561;
Alec Burks;UTA;17;0;269;47;114;16;43;33;38;2;25;20;6;4;15;22;143;
Alec Burks;CLE;34;24;979;136;340;45;119;79;98;26;160;98;25;16;46;62;396;
Alec Burks;SAC;13;0;127;9;20;0;6;4;5;2;20;10;8;1;4;7;22;$11536515
Alex Abrines;OKC;31;2;588;56;157;41;127;12;13;5;43;20;17;6;14;53;165;$5455236
Alex Caruso;LAL;25;4;531;77;173;24;50;51;64;20;47;77;24;9;42;54;229;
Alex Len;ATL;77;31;1544;320;648;74;204;140;216;158;266;86;27;69;97;200;854;$4350000
Alex Poythress;ATL;21;1;305;40;81;9;23;18;29;29;47;17;4;10;13;47;107;
Al-Farouq Aminu;POR;81;81;2292;257;593;96;280;150;173;112;498;104;68;33;72;143;760;$6957105
Alfonzo McKinnie;GSW;72;5;1003;134;275;42;118;27;48;81;166;31;18;15;30;134;337;$1349383
Alize Johnson;IND;14;0;64;4;16;1;2;4;8;4;15;1;1;3;0;7;13;$838464
Allen Crabbe;BRK;43;20;1133;137;373;98;259;41;56;16;132;46;23;13;46;102;413;$18500000
Allonzo Trier;NYK;64;3;1459;232;518;52;132;179;223;31;166;119;28;14;116;117;695;$3382000
Amile Jefferson;ORL;12;0;68;10;16;0;0;7;8;6;15;3;3;3;1;8;27;
Amir Johnson;PHI;51;6;529;79;157;12;40;31;41;47;100;60;16;13;45;99;201;$2393887
Andre Drummond;DET;79;79;2647;561;1052;5;38;243;412;423;809;112;136;138;175;272;1370;$25434263
Andre Iguodala;GSW;68;13;1578;151;302;48;144;39;67;48;204;216;61;51;52;95;389;$16000000
Andre Ingram;LAL;4;0;15;0;6;0;3;0;0;1;1;0;1;0;1;0;0;$76236
Andrew Bogut;GSW;11;5;134;18;36;0;0;3;3;12;43;11;3;8;8;22;39;$2393887
Andrew Harrison;TOT;17;0;187;16;53;5;25;17;18;6;14;24;4;2;12;34;54;
Andrew Harrison;MEM;1;0;5;1;2;0;1;0;0;0;0;0;0;0;0;1;2;$200000
Andrew Harrison;CLE;10;0;144;12;39;3;14;16;16;4;11;17;4;2;10;26;43;
Andrew Harrison;NOP;6;0;38;3;12;2;10;1;2;2;3;7;0;0;2;7;9;
Andrew Wiggins;MIN;73;73;2543;498;1209;118;348;207;296;83;269;184;70;48;138;153;1321;$25467250
Anfernee Simons;POR;20;1;141;28;63;10;29;9;16;3;10;13;1;0;11;9;75;$1835520
Angel Delgado;LAC;2;0;15;1;5;0;0;1;2;2;2;0;1;0;0;2;3;
Ante Zizic;CLE;59;25;1082;183;331;0;0;93;132;108;212;53;13;22;61;113;459;$1952760
Anthony Davis;NOP;56;56;1850;530;1026;48;145;344;433;174;498;218;88;135;112;132;1452;$25434263
Anthony Tolliver;MIN;65;0;1079;99;259;81;215;47;60;15;162;46;17;21;36;91;326;$5750000
Antonio Blakeney;CHI;57;3;829;166;396;36;91;50;76;7;99;42;12;9;35;41;418;$1349383
Aron Baynes;BOS;51;18;821;105;223;21;61;53;62;88;152;57;12;34;40;125;284;$5193600
Austin Rivers;HOU;47;13;1345;156;378;71;221;25;49;15;76;109;29;13;32;135;408;$1155323
Austin Rivers;TOT;76;15;2028;232;572;104;327;50;95;25;137;167;47;23;68;207;618;
Austin Rivers;WAS;29;2;683;76;194;33;106;25;46;10;61;58;18;10;36;72;210;
Avery Bradley;TOT;63;63;1905;248;608;86;245;43;50;43;132;152;41;16;89;167;625;
Avery Bradley;LAC;49;49;1463;161;420;58;172;20;25;35;96;96;27;16;61;133;400;
Avery Bradley;MEM;14;14;442;87;188;28;73;23;25;8;36;56;14;0;28;34;225;$12000000
B.J. Johnson;TOT;7;0;49;9;18;3;7;2;2;2;6;0;2;0;2;4;23;
B.J. Johnson;ATL;6;0;43;8;16;3;6;2;2;2;6;0;2;0;2;3;21;$94742
B.J. Johnson;SAC;1;0;6;1;2;0;1;0;0;0;0;0;0;0;0;1;2;$47371
Bam Adebayo;MIA;82;28;1913;280;486;3;15;166;226;165;432;184;71;65;121;203;729;$2955840
Ben McLemore;SAC;19;0;158;25;64;17;41;8;12;3;14;4;6;3;5;22;75;$5460000
Ben Simmons;PHI;79;79;2700;540;960;0;6;257;428;172;525;610;112;61;274;209;1337;$6434520
Billy Garrett;NYK;4;0;63;11;27;0;8;4;4;0;3;7;1;1;2;3;26;
Bismack Biyombo;CHO;54;32;783;89;156;0;0;58;91;81;166;33;11;41;34;103;236;$17000000
Blake Griffin;DET;75;75;2622;619;1341;189;522;414;550;100;465;402;52;28;253;199;1841;$32088932
Boban Marjanovic;PHI;22;3;305;75;120;4;8;26;36;32;81;32;5;10;22;33;180;$7000000
Boban Marjanovic;TOT;58;12;681;160;260;4;10;98;131;87;178;54;16;27;59;90;422;
Boban Marjanovic;LAC;36;9;376;85;140;0;2;72;95;55;97;22;11;17;37;57;242;
Bobby Portis;WAS;28;22;768;157;357;48;119;38;47;63;179;43;24;12;45;84;400;$2494346
Bobby Portis;TOT;50;28;1299;279;628;75;191;77;97;109;294;72;35;20;74;145;710;
Bobby Portis;CHI;22;6;531;122;271;27;72;39;50;46;115;29;11;8;29;61;310;
Bogdan Bogdanovic;SAC;70;17;1947;361;863;134;372;134;162;40;203;267;72;15;117;142;990;$9000000
Bojan Bogdanovic;IND;81;81;2573;522;1051;164;386;246;305;33;300;161;69;1;134;138;1454;$10500000
Bonzie Colson;MIL;8;2;98;13;39;5;21;8;9;8;22;3;5;1;3;3;39;
Brad Wanamaker;BOS;36;0;343;50;105;16;39;24;28;3;38;56;12;2;19;34;140;$838464
Bradley Beal;WAS;82;82;3028;764;1609;209;596;362;448;89;322;448;121;58;224;226;2099;$25434263
Brandon Goodwin;DEN;16;0;57;6;23;2;6;9;11;1;2;14;0;0;3;7;23;
Brandon Ingram;LAL;52;52;1760;362;729;31;94;195;289;41;226;154;28;31;129;149;950;$5757120
Brandon Knight;CLE;27;26;618;88;213;36;97;18;23;9;41;62;19;2;25;48;230;$14631250
Brandon Knight;TOT;39;26;736;99;260;41;129;27;34;10;49;71;21;2;30;62;266;
Brandon Knight;HOU;12;0;118;11;47;5;32;9;11;1;8;9;2;0;5;14;36;
Brandon Sampson;CHI;14;2;214;28;60;11;29;4;6;3;13;10;8;3;12;19;71;
Brook Lopez;MIL;81;81;2322;355;786;187;512;112;133;33;363;98;51;179;82;189;1009;$3382000
Bruce Brown;DET;74;56;1449;125;314;24;93;45;60;48;137;91;40;36;46;178;319;$838464
Bruno Caboclo;MEM;34;19;800;96;225;48;130;42;50;42;116;50;14;33;38;81;282;$487000
Bruno Caboclo;MEM;34;19;800;96;225;48;130;42;50;42;116;50;14;33;38;81;282;$183211
Bryn Forbes;SAS;82;81;2293;361;791;176;413;69;78;18;221;175;45;4;80;159;967;$3125000
Buddy Hield;SAC;82;82;2615;623;1360;278;651;171;193;106;306;205;58;33;146;202;1695;$3833760
C.J. Miles;MEM;13;0;294;42;105;24;66;13;14;1;26;14;8;5;9;17;121;$8333333
C.J. Miles;TOT;53;1;856;112;311;67;203;48;58;13;82;36;26;15;30;79;339;
C.J. Miles;TOR;40;1;562;70;206;43;137;35;44;12;56;22;18;10;21;62;218;
C.J. Williams;MIN;15;0;128;17;35;5;16;0;1;1;7;12;6;0;5;16;39;
Caleb Swanigan;TOT;21;0;178;18;53;1;7;6;9;17;47;11;6;1;18;28;43;
Caleb Swanigan;POR;18;0;145;14;44;1;5;6;7;13;39;7;4;0;16;22;35;
Caleb Swanigan;SAC;3;0;33;4;9;0;2;0;2;4;8;4;2;1;2;6;8;$1740000
Cameron Payne;CHI;31;12;536;69;168;16;59;22;25;10;43;83;20;6;34;49;176;$3263295
Cameron Payne;CLE;9;1;176;27;55;9;25;11;16;3;16;23;8;3;11;15;74;$177063
Cameron Payne;TOT;40;13;712;96;223;25;84;33;41;13;59;106;28;9;45;64;250;
Cameron Reynolds;MIN;19;0;259;33;78;21;51;8;9;4;27;13;6;2;5;26;95;$108953
Cameron Reynolds;MIN;19;0;259;33;78;21;51;8;9;4;27;13;6;2;5;26;95;$94742
Caris LeVert;BRK;40;25;1063;207;483;48;154;85;123;35;116;156;42;14;69;77;547;$1702800
Carmelo Anthony;HOU;10;2;294;49;121;21;64;15;22;9;45;5;4;7;8;32;134;
Cedi Osman;CLE;76;75;2444;360;844;130;374;141;181;45;312;195;60;11;114;195;991;$2775000
Chandler Hutchison;CHI;44;14;895;96;209;14;50;23;38;31;154;34;23;6;25;59;229;$1991520
Chandler Parsons;MEM;25;3;496;68;182;29;94;22;25;4;66;43;19;5;32;45;187;$24107258
Channing Frye;CLE;36;6;341;43;117;32;79;11;14;4;48;20;6;5;13;44;129;$2393887
Chasson Randle;WAS;49;2;743;91;217;46;115;43;62;10;46;97;25;3;43;91;271;$869094
Cheick Diallo;NOP;64;1;896;168;271;1;4;50;67;75;257;33;29;33;49;113;387;$1544951
Chimezie Metu;SAS;29;0;145;19;58;0;2;13;17;9;27;13;6;2;15;14;51;$838464
Chris Boucher;TOR;28;0;163;34;76;12;37;13;15;16;40;2;6;24;7;31;93;$457418
Chris Chiozza;HOU;7;0;33;2;8;2;5;0;0;1;3;4;1;1;1;2;6;$90005
Chris Chiozza;HOU;7;0;33;2;8;2;5;0;0;1;3;4;1;1;1;2;6;$47371
Chris Paul;HOU;58;58;1857;302;720;127;355;175;203;36;229;473;114;18;152;146;906;$35654150
Christian Wood;TOT;21;2;251;61;117;9;26;41;56;17;66;8;7;10;17;17;172;
Christian Wood;MIL;13;0;62;12;25;3;5;10;15;4;16;2;0;0;3;3;37;
Christian Wood;NOP;8;2;189;49;92;6;21;31;41;13;50;6;7;10;14;14;135;$1512601
CJ McCollum;POR;70;70;2375;571;1243;167;445;159;192;62;220;207;55;28;106;172;1468;$25759766
Clint Capela;HOU;67;67;2249;474;732;0;0;166;261;298;550;96;44;102;94;168;1114;$15293104
Cody Zeller;CHO;49;47;1243;190;345;6;22;111;141;110;223;102;38;41;62;164;497;$13528090
Collin Sexton;CLE;82;72;2605;519;1206;119;296;214;255;57;179;243;44;6;185;186;1371;$4068600
Corey Brewer;TOT;31;3;492;53;123;14;44;31;43;26;50;39;32;7;19;63;151;
Corey Brewer;PHI;7;3;140;20;49;4;14;9;13;4;13;10;12;2;8;16;53;$270496
Corey Brewer;SAC;24;0;352;33;74;10;30;22;30;22;37;29;20;5;11;47;98;$2000000
Corey Brewer;SAC;24;0;352;33;74;10;30;22;30;22;37;29;20;5;11;47;98;$270496
Cory Joseph;IND;82;9;2063;226;548;55;171;30;43;39;240;321;94;22;80;131;537;$7945000
Courtney Lee;DAL;22;4;268;32;82;11;39;5;7;3;24;21;13;1;9;19;80;$12253780
Courtney Lee;TOT;34;6;428;53;129;16;55;14;21;9;45;37;21;3;14;32;136;
Courtney Lee;NYK;12;2;160;21;47;5;16;9;14;6;21;16;8;2;5;13;56;
Cristiano Felicio;CHI;60;0;746;95;179;0;4;50;73;79;139;37;11;7;33;69;240;$8470980
D.J. Augustin;ORL;81;81;2269;318;677;131;311;181;209;41;162;426;52;4;128;115;948;$7250000
D.J. Stephens;MEM;1;0;7;1;2;0;0;0;0;0;0;0;1;0;1;0;2;
D.J. Wilson;MIL;48;3;882;104;251;46;127;26;47;45;177;52;18;20;32;85;280;$2534280
Dairis Bertans;NOP;12;0;167;12;47;10;34;0;0;2;7;10;1;0;2;7;34;$194220
Damian Jones;GSW;24;22;410;53;74;0;0;24;37;31;44;28;12;25;16;63;130;$1544951
Damian Lillard;POR;80;80;2838;681;1533;237;643;468;513;68;303;551;88;34;212;148;2067;$27977689
Damion Lee;GSW;32;0;375;56;127;27;68;19;22;8;56;13;13;0;11;28;158;
Damyean Dotson;NYK;73;40;2004;290;698;126;342;73;98;34;228;135;58;10;71;135;779;$1378242
D'Angelo Russell;BRK;81;81;2448;659;1517;234;635;160;205;53;262;563;100;20;253;141;1712;$7019698
Daniel Hamilton;ATL;19;3;204;23;60;8;23;3;6;10;37;22;6;1;16;19;57;$1349383
Daniel Theis;BOS;66;2;908;146;266;26;67;56;76;87;138;68;21;42;33;161;374;$1378242
Danilo Gallinari;LAC;68;68;2059;409;884;161;372;367;406;54;363;178;49;23;99;129;1346;$21587579
Danny Green;TOR;80;80;2216;293;630;198;435;37;44;60;257;126;73;53;75;171;821;$10000000
Dante Cunningham;SAS;64;21;928;75;158;30;65;14;18;48;140;50;27;13;22;71;194;$2500000
Dante Exum;UTA;42;1;664;101;241;18;62;68;86;16;52;110;14;5;52;69;288;$9600000
Danuel House;HOU;39;13;979;118;252;74;178;56;71;25;115;40;21;11;35;80;366;
Dario Saric;TOT;81;41;2023;304;696;118;323;132;150;126;331;127;45;9;97;182;858;
Dario Saric;PHI;13;13;396;48;132;21;70;27;30;21;65;26;4;3;25;39;144;
Dario Saric;MIN;68;28;1627;256;564;97;253;105;120;105;266;101;41;6;72;143;714;$2526840
Darius Miller;NOP;69;15;1757;189;484;133;364;56;71;14;114;146;40;23;59;165;567;$2205000
Darren Collison;IND;76;76;2143;308;659;79;194;158;190;36;196;459;110;9;125;138;853;$10000000
Daryl Macon;DAL;8;0;90;10;27;5;11;4;7;2;10;7;1;0;6;8;29;
David Nwaba;CLE;51;14;984;126;262;24;75;58;85;41;122;54;36;17;29;106;334;$1512601
Davis Bertans;SAS;76;12;1632;204;453;145;338;53;60;23;241;100;35;33;43;133;606;$7000000
Davon Reed;IND;10;0;47;5;12;2;4;0;0;2;4;3;1;0;1;3;12;
De'Aaron Fox;SAC;81;81;2546;505;1102;86;232;303;417;43;261;590;133;45;227;204;1399;$5470920
Deandre Ayton;PHO;71;70;2183;509;870;0;4;141;189;223;506;125;61;67;126;209;1159;$8165160
DeAndre' Bembry;ATL;82;15;1931;275;616;50;173;87;136;54;304;202;105;41;142;190;687;$1634640
DeAndre Jordan;NYK;19;19;493;78;123;0;0;51;66;64;152;57;9;20;42;42;207;$22900000
DeAndre Jordan;TOT;69;69;2047;286;446;0;0;186;264;225;677;156;42;73;153;167;758;
DeAndre Jordan;DAL;50;50;1554;208;323;0;0;135;198;161;525;99;33;53;111;125;551;
De'Anthony Melton;PHO;50;31;984;100;256;29;95;21;28;25;109;159;68;23;75;113;250;$949000
Delon Wright;TOT;75;13;1699;242;558;50;168;119;150;68;198;248;88;30;77;103;653;
Delon Wright;TOR;49;2;897;127;293;30;90;53;61;39;86;110;46;15;37;53;337;
Delon Wright;MEM;26;11;802;115;265;20;78;66;89;29;112;138;42;15;40;50;316;$2536898
DeMar DeRozan;SAS;77;77;2688;631;1313;7;45;366;441;54;408;475;86;36;199;177;1635;$27739975
DeMarcus Cousins;GSW;30;30;771;178;371;26;95;106;144;43;204;107;40;44;72;109;488;$5337000
DeMarre Carroll;BRK;67;8;1703;227;575;106;310;184;242;68;281;85;31;10;73;114;744;$15400000
Demetrius Jackson;PHI;6;0;39;8;15;2;6;4;4;2;1;5;2;0;1;4;22;
Deng Adel;CLE;19;3;194;11;36;6;23;4;4;3;16;5;1;4;6;13;32;
Dennis Schroder;OKC;79;14;2314;457;1104;124;364;186;227;38;246;323;65;12;172;189;1224;$15500000
Dennis Smith;TOT;53;50;1508;278;650;67;208;99;156;32;123;252;67;20;154;129;722;
Dennis Smith;DAL;32;32;908;157;357;43;125;57;82;18;79;138;40;11;100;82;414;
Dennis Smith;NYK;21;18;600;121;293;24;83;42;74;14;44;114;27;9;54;47;308;$3819960
Deonte Burton;OKC;32;0;240;33;82;8;27;8;12;4;24;9;6;8;9;31;82;
Derrick Favors;UTA;76;70;1766;363;619;17;78;154;228;207;353;89;56;106;84;163;897;$16900000
Derrick Jones;MIA;60;14;1153;160;324;28;91;74;122;96;144;37;46;42;43;123;422;$1512601
Derrick Rose;MIN;51;13;1392;363;753;54;146;137;160;33;107;220;31;12;82;57;917;$2176260
Derrick White;SAS;67;55;1728;260;543;48;142;95;123;35;212;263;67;47;97;145;663;$1667160
DeVaughn Akoon-Purcell;DEN;7;0;22;3;10;0;4;1;2;1;3;6;2;0;2;4;7;
Devin Booker;PHO;64;64;2242;586;1255;135;414;393;454;39;226;433;56;13;264;200;1700;$3314365
Devin Harris;DAL;68;2;1071;132;347;62;200;102;134;12;100;122;35;16;56;133;428;$2393887
Devin Robinson;WAS;7;0;95;19;32;0;2;9;14;6;14;6;4;6;2;11;47;
Devonte' Graham;CHO;46;3;676;74;216;34;121;35;46;10;53;121;23;2;30;48;217;$988464
Dewayne Dedmon;ATL;64;52;1609;259;526;83;217;92;113;105;375;90;69;71;84;214;693;$7200000
Deyonta Davis;ATL;9;0;118;15;22;0;1;6;10;10;26;5;3;5;3;12;36;$170916
Dillon Brooks;MEM;18;0;330;49;122;15;40;22;30;9;22;16;10;4;19;50;135;$1378242
Dion Waiters;MIA;44;28;1138;198;478;109;289;22;44;7;109;121;29;9;64;72;527;$11550000
Dirk Nowitzki;DAL;51;20;795;135;376;64;205;39;50;5;153;35;9;18;18;76;373;$5000000
Domantas Sabonis;IND;74;5;1838;413;700;9;17;208;291;186;504;212;48;30;160;239;1043;$2659800
Donatas Motiejunas;SAS;3;0;13;3;6;0;0;0;2;2;1;1;0;1;3;6;6;$59820
Donovan Mitchell;UTA;77;77;2598;661;1530;188;519;319;396;59;257;322;106;31;218;208;1829;$3111480
Donte DiVincenzo;MIL;27;0;411;50;124;22;83;9;12;16;49;31;13;6;19;38;131;$2481000
Donte Grantham;OKC;3;0;2;0;2;0;2;0;0;0;0;0;0;0;0;0;0;
Dorian Finney-Smith;DAL;81;26;1985;228;528;79;254;73;103;138;251;95;69;36;74;186;608;$1544951
Doug McDermott;IND;77;1;1340;207;422;84;206;66;79;17;92;67;18;8;42;104;564;$7333334
Dragan Bender;PHO;46;27;826;88;197;22;101;32;54;34;149;56;18;22;37;90;230;$4661280
Draymond Green;GSW;66;66;2065;188;422;47;165;63;91;60;421;454;95;70;169;197;486;$17469565
Drew Eubanks;SAS;23;0;113;15;26;0;0;11;13;6;28;7;2;5;8;11;41;
Duncan Robinson;MIA;15;1;161;18;46;10;35;4;6;2;17;5;5;0;4;11;50;
Dusty Hannahs;MEM;2;0;26;3;12;0;5;2;2;0;1;5;1;0;1;1;8;$47371
Dwayne Bacon;CHO;43;13;759;122;257;38;87;34;46;8;81;47;12;5;18;72;316;$1378242
Dwight Howard;WAS;9;9;230;43;69;0;0;29;48;24;59;4;7;4;16;34;115;$5337000
Dwight Powell;DAL;77;22;1662;290;486;39;127;196;254;140;271;112;44;50;67;201;815;$9631250
Dwyane Wade;MIA;72;2;1885;416;960;86;261;165;233;69;216;301;59;38;166;118;1083;$2393887
Dzanan Musa;BRK;9;0;39;9;22;1;10;0;2;1;4;2;2;0;4;1;19;$1632240
Ed Davis;BRK;81;1;1446;186;302;0;2;100;162;216;478;61;35;33;64;226;472;$4449000
Edmond Sumner;IND;23;2;210;22;64;7;27;15;24;9;15;10;12;5;10;26;66;$449794
Ekpe Udoh;UTA;51;1;320;50;72;0;0;19;30;27;63;28;10;31;13;36;119;$3360000
Elfrid Payton;NOP;42;42;1250;179;412;33;105;55;74;49;171;320;44;17;112;81;446;$3000000
Elie Okobo;PHO;53;16;958;114;290;39;132;37;47;12;86;127;32;7;69;109;304;$1238464
Emanuel Terry;TOT;3;0;23;4;7;0;0;2;4;3;4;2;3;0;2;4;10;
Emanuel Terry;PHO;2;0;20;4;6;0;0;1;2;2;4;1;3;0;2;4;9;$47371
Emanuel Terry;MIA;1;0;3;0;1;0;0;1;2;1;0;1;0;0;0;0;1;$47371
Emmanuel Mudiay;NYK;59;42;1607;330;740;69;210;144;186;33;163;228;43;19;140;103;873;$4294480
Enes Kanter;NYK;44;23;1128;251;468;7;22;105;129;171;290;84;18;17;79;106;614;$18622514
Enes Kanter;TOT;67;31;1640;375;683;10;34;155;197;257;402;116;32;26;118;167;915;
Enes Kanter;POR;23;8;512;124;215;3;12;50;68;86;112;32;14;9;39;61;301;$653556
Eric Bledsoe;MIL;78;78;2272;470;971;124;377;177;236;82;280;430;116;29;165;156;1241;$15000000
Eric Gordon;HOU;68;53;2158;384;938;216;600;119;152;17;131;129;41;27;90;143;1103;$13500375
Eric Moreland;TOT;5;0;43;3;7;1;1;0;0;4;16;4;1;1;5;9;7;
Eric Moreland;PHO;1;0;5;0;0;0;0;0;0;0;3;0;0;0;0;1;0;$239035
Eric Moreland;TOR;4;0;38;3;7;1;1;0;0;4;13;4;1;1;5;8;7;$88531
Ersan Ilyasova;MIL;67;7;1231;167;381;58;160;61;74;94;208;52;32;20;48;172;453;$7000000
E'Twaun Moore;NOP;53;36;1463;256;532;76;176;45;59;35;92;102;40;8;59;112;633;$8808685
Evan Fournier;ORL;81;81;2553;468;1069;153;450;137;170;38;220;295;71;12;154;225;1226;$17000000
Evan Turner;POR;73;2;1605;204;443;11;52;75;106;37;291;283;33;18;114;110;494;$17868852
Frank Jackson;NOP;61;16;1169;194;447;53;169;54;73;25;109;69;25;2;48;92;495;$1378242
Frank Kaminsky;CHO;47;0;755;138;298;50;139;79;107;39;124;63;12;12;41;68;405;$3627842
Frank Mason;SAC;38;0;435;71;169;14;64;39;57;6;37;84;16;4;36;34;195;$1378242
Frank Ntilikina;NYK;43;16;904;95;282;33;115;23;30;12;75;121;30;14;56;104;246;$4155720
Fred VanVleet;TOR;64;28;1760;246;600;112;296;97;115;21;146;307;57;20;82;110;701;$8653847
Furkan Korkmaz;PHI;48;7;679;98;245;47;144;36;44;16;91;52;29;2;25;62;279;$1740000
Garrett Temple;TOT;75;55;2040;208;493;90;264;80;107;28;188;106;76;30;70;204;586;
Garrett Temple;MEM;49;49;1530;166;387;74;210;57;76;18;134;69;50;25;54;134;463;
Garrett Temple;LAC;26;6;510;42;106;16;54;23;31;10;54;37;26;5;16;70;123;$8000000
Gary Clark;HOU;51;2;641;50;151;41;138;7;7;24;92;18;20;26;7;47;148;
Gary Harris;DEN;57;48;1639;270;637;82;242;115;144;41;119;127;55;19;68;113;737;$16517857
Gary Payton;WAS;3;0;16;5;8;1;2;0;0;1;1;4;3;1;1;2;11;$85458
Gary Trent;POR;15;1;111;16;50;5;21;3;7;1;10;5;1;2;4;4;40;$838464
George Hill;MIL;47;0;958;115;269;35;125;53;65;27;94;99;40;7;31;67;318;$19000000
George Hill;TOT;60;13;1302;170;376;48;153;70;85;39;109;135;52;8;51;102;458;
George Hill;CLE;13;13;344;55;107;13;28;17;20;12;15;36;12;1;20;35;140;
George King;PHO;1;0;6;0;0;0;0;0;0;0;1;0;0;0;0;0;0;
Georges Niang;UTA;59;0;516;86;181;43;105;20;24;11;76;35;10;6;23;57;235;$1512601
Gerald Green;HOU;73;0;1473;231;578;156;441;57;68;30;152;40;33;27;55;126;675;$2393887
Giannis Antetokounmpo;MIL;72;72;2358;721;1247;52;203;500;686;159;739;424;92;110;268;232;1994;$24157304
Glenn Robinson;DET;47;18;610;74;176;18;62;32;40;17;54;21;14;8;18;45;198;$4075000
Goran Dragic;MIA;36;22;991;179;433;57;164;79;101;20;91;174;30;5;71;81;494;$18109175
Gordon Hayward;BOS;72;18;1863;296;635;77;231;156;187;51;271;244;62;23;105;104;825;$31214295
Gorgui Dieng;MIN;76;2;1031;189;377;19;56;88;106;81;230;72;48;41;57;134;485;$15170787
Grayson Allen;UTA;38;2;416;67;178;32;99;45;60;3;20;25;6;6;33;47;211;$2074320
Greg Monroe;TOT;43;2;480;92;189;1;5;45;72;67;105;24;14;8;32;66;230;
Greg Monroe;TOR;38;2;423;74;161;0;4;35;61;60;96;16;13;8;31;61;183;
Greg Monroe;BOS;2;0;5;3;5;0;0;0;0;3;0;1;0;0;0;0;6;$122344
Greg Monroe;PHI;3;0;52;15;23;1;1;10;11;4;9;7;1;0;1;5;41;
Guerschon Yabusele;BOS;41;1;251;35;77;9;28;15;22;23;30;15;8;7;15;32;94;$2667600
Hamidou Diallo;OKC;51;3;526;75;165;4;24;36;59;38;59;17;21;10;23;77;190;$838464
Harrison Barnes;SAC;28;28;949;141;310;53;130;64;80;21;133;53;17;2;30;43;399;$24107258
Harrison Barnes;TOT;77;77;2533;431;1027;174;441;229;278;57;304;115;50;13;98;122;1265;
Harrison Barnes;DAL;49;49;1584;290;717;121;311;165;198;36;171;62;33;11;68;79;866;
Harry Giles;SAC;58;0;820;175;348;0;6;58;91;66;156;85;31;22;73;150;408;$2207040
Hassan Whiteside;MIA;72;53;1674;388;680;2;16;109;243;257;560;56;46;136;97;192;887;$25434263
Haywood Highsmith;PHI;5;0;40;4;10;1;5;0;2;0;5;2;1;0;1;1;9;
Henry Ellenson;TOT;19;0;259;39;95;17;38;19;25;5;61;16;7;2;9;27;114;
Henry Ellenson;DET;2;0;25;4;10;2;4;2;2;0;9;1;0;0;0;2;12;$1857480
Henry Ellenson;NYK;17;0;234;35;85;15;34;17;23;5;52;15;7;2;9;25;102;$341831
Henry Ellenson;NYK;17;0;234;35;85;15;34;17;23;5;52;15;7;2;9;25;102;$85458
Ian Clark;NOP;60;6;973;151;383;66;202;33;37;13;76;94;22;8;58;95;401;$1757429
Ian Mahinmi;WAS;34;6;498;47;104;3;16;42;61;48;80;25;25;16;21;84;139;$15944154
Ike Anigbogu;IND;3;0;6;0;3;0;0;0;0;1;2;1;0;1;1;0;0;$1378242
Iman Shumpert;TOT;62;41;1481;167;446;95;273;36;45;27;156;112;59;24;50;127;465;
Iman Shumpert;SAC;42;40;1099;133;348;74;202;34;41;19;110;91;47;20;38;92;374;
Iman Shumpert;HOU;20;1;382;34;98;21;71;2;4;8;46;21;12;4;12;35;91;$11011234
Isaac Bonga;LAL;22;0;120;5;33;0;8;9;15;9;16;15;9;4;6;9;19;$1000000
Isaac Humphries;ATL;5;1;56;6;21;3;11;0;0;4;7;0;1;0;0;7;15;$47371
Isaiah Briscoe;ORL;39;0;559;55;138;11;34;15;26;5;69;87;11;2;31;66;136;$838464
Isaiah Canaan;TOT;30;16;629;64;164;34;96;19;24;6;52;84;14;2;35;52;181;
Isaiah Canaan;PHO;19;15;503;51;129;25;72;15;20;5;44;62;12;0;29;46;142;$456733
Isaiah Canaan;MIN;7;1;95;11;29;7;19;4;4;0;5;19;2;1;4;4;33;$198580
Isaiah Canaan;MIL;4;0;31;2;6;2;5;0;0;1;3;3;0;1;2;2;6;$99290
Isaiah Hartenstein;HOU;28;0;221;20;41;2;6;11;14;21;26;15;7;12;13;56;53;$838464
Isaiah Hicks;NYK;3;0;32;4;8;0;0;4;5;2;5;2;1;3;1;5;12;
Isaiah Thomas;DEN;12;0;181;34;99;12;43;17;27;5;8;23;5;1;18;17;97;$2029463
Ish Smith;DET;56;0;1251;205;489;44;135;47;62;23;122;203;28;11;61;109;501;$6000000
Ivan Rabb;MEM;49;13;721;116;212;3;15;49;69;70;136;54;17;14;35;90;284;$1378242
Ivica Zubac;TOT;59;37;1040;212;379;0;0;101;126;115;247;63;14;51;70;137;525;
Ivica Zubac;LAL;33;12;516;112;193;0;0;57;66;54;108;25;4;27;33;73;281;
Ivica Zubac;LAC;26;25;524;100;186;0;0;44;60;61;139;38;10;24;37;64;244;$1544951
J.J. Barea;DAL;38;0;752;161;385;38;128;55;78;13;82;211;22;1;72;50;415;$3710850
J.J. Redick;PHI;76;63;2379;452;1027;240;605;228;255;20;166;206;32;17;101;129;1372;$12250000
J.P. Macura;CHO;2;0;17;3;9;0;4;0;0;0;3;2;0;0;0;0;6;
J.R. Smith;CLE;11;4;222;27;79;12;39;8;10;0;18;21;11;3;11;19;74;$14720000
Jabari Parker;WAS;25;0;682;149;285;24;81;52;76;38;142;68;23;16;67;58;374;$20000000
Jabari Parker;TOT;64;17;1724;369;749;61;195;131;184;79;342;152;46;30;151;145;930;
Jabari Parker;CHI;39;17;1042;220;464;37;114;79;108;41;200;84;23;14;84;87;556;
Jacob Evans;GSW;30;1;204;18;53;4;15;0;1;6;19;23;5;3;11;28;40;$1644240
Jae Crowder;UTA;80;11;2166;318;797;173;522;142;197;60;324;133;64;31;85;170;951;$7305825
Jahlil Okafor;NOP;59;24;935;212;362;1;5;59;89;82;196;40;15;40;52;96;484;$1567007
JaKarr Sampson;CHI;4;0;127;29;54;5;14;17;21;5;27;4;4;3;4;8;80;$88531
Jake Layman;POR;71;33;1327;216;424;59;181;50;71;56;161;53;31;30;46;116;541;$1544951
Jakob Poeltl;SAS;77;24;1273;187;290;0;0;49;92;178;232;93;29;68;48;124;423;$2947320
Jalen Brunson;DAL;73;38;1591;264;565;63;181;87;120;25;144;230;37;4;88;127;678;$1230000
Jalen Jones;CLE;16;0;214;26;62;10;28;19;27;11;23;7;9;2;8;27;81;
Jamal Crawford;PHO;64;0;1211;174;438;67;202;93;110;8;77;229;33;12;99;75;508;$2393887
Jamal Murray;DEN;75;74;2447;513;1173;152;414;189;223;65;252;363;67;27;158;153;1367;$3499800
James Ennis;TOT;58;27;1230;138;294;55;156;58;81;60;122;41;41;23;34;150;389;
James Ennis;HOU;40;25;949;104;211;44;120;42;58;37;80;27;38;16;23;111;294;
James Ennis;PHI;18;2;281;34;83;11;36;16;23;23;42;14;3;7;11;39;95;$1621415
James Harden;HOU;78;78;2867;843;1909;378;1028;754;858;66;452;586;158;58;387;244;2818;$30431854
James Johnson;MIA;55;33;1164;164;379;50;149;50;70;22;154;135;35;27;74;114;428;$14651700
James Nunnally;MIN;13;0;64;9;21;5;13;4;4;0;4;5;1;0;1;4;27;$655632
James Nunnally;TOT;15;0;102;12;34;8;25;4;4;0;5;7;1;0;1;10;36;
James Nunnally;HOU;2;0;38;3;13;3;12;0;0;0;1;2;0;0;0;6;9;
JaMychal Green;LAC;24;2;471;79;164;33;80;17;21;32;125;14;12;8;23;70;208;$7866667
JaMychal Green;TOT;65;6;1371;230;476;71;176;80;101;104;305;50;45;34;87;193;611;
JaMychal Green;MEM;41;4;900;151;312;38;96;63;80;72;180;36;33;26;64;123;403;
Jared Dudley;BRK;59;25;1220;101;239;53;151;32;46;34;121;83;36;16;43;131;287;$9530000
Jared Terrell;MIN;14;0;111;12;39;4;17;3;6;1;5;12;3;2;10;16;31;
Jarell Martin;ORL;42;1;328;43;104;20;57;9;11;11;62;18;3;8;11;51;115;$2416222
Jaren Jackson;MEM;58;56;1515;298;589;51;142;151;197;73;199;64;52;82;98;220;798;$5915040
Jaron Blossomgame;CLE;27;4;439;47;106;10;39;10;13;26;72;13;7;8;11;20;114;
Jarred Vanderbilt;DEN;17;0;69;9;19;0;1;6;10;7;16;3;6;1;8;8;24;$838464
Jarrett Allen;BRK;80;80;2096;335;568;6;45;197;278;191;481;110;43;120;103;184;873;$2034120
Jason Smith;TOT;20;1;190;21;59;9;26;14;16;16;36;14;3;7;13;30;65;
Jason Smith;WAS;12;1;130;15;37;4;10;10;12;11;26;12;1;5;7;21;44;
Jason Smith;MIL;6;0;40;4;13;3;9;2;2;3;8;1;2;2;5;6;13;
Jason Smith;NOP;2;0;20;2;9;2;7;2;2;2;2;1;0;0;1;3;8;$5450000
JaVale McGee;LAL;75;62;1671;400;641;1;12;96;152;195;371;52;47;148;108;208;897;$2393887
Jawun Evans;TOT;8;0;65;3;14;0;3;0;0;1;11;10;3;0;6;8;6;
Jawun Evans;PHO;7;0;64;3;13;0;2;0;0;1;11;10;3;0;6;8;6;
Jawun Evans;OKC;1;0;1;0;1;0;1;0;0;0;0;0;0;0;0;0;0;
Jaylen Adams;ATL;34;1;428;38;110;25;74;7;9;11;49;65;14;5;28;45;108;$236854
Jaylen Brown;BOS;74;25;1913;368;792;95;276;133;202;65;248;100;69;32;99;186;964;$5169960
Jaylen Morris;MIL;4;0;29;4;10;1;3;1;2;0;5;4;2;0;1;1;10;
Jayson Tatum;BOS;79;79;2455;466;1036;116;311;195;228;70;407;168;84;57;122;168;1243;$6700800
Jeff Green;WAS;77;44;2097;326;687;111;320;183;206;57;252;137;43;39;101;160;946;$2393887
Jeff Teague;MIN;42;41;1264;176;416;35;105;123;153;16;90;343;43;18;97;90;510;$19000000
Jemerrio Jones;LAL;6;2;143;12;33;2;10;1;2;16;33;13;7;5;5;10;27;
Jerami Grant;OKC;80;77;2612;409;823;115;293;157;221;96;321;79;61;100;67;214;1090;$8653847
Jeremy Lamb;CHO;79;55;2250;431;979;115;330;231;260;65;369;172;88;32;80;140;1208;$7488372
Jeremy Lin;ATL;51;1;1003;180;386;44;132;142;168;16;103;181;38;7;98;96;546;$13768421
Jeremy Lin;TOT;74;4;1436;238;541;55;187;176;210;22;157;231;47;13;124;144;707;
Jeremy Lin;TOR;23;3;433;58;155;11;55;34;42;6;54;50;9;6;26;48;161;$697000
Jerian Grant;ORL;60;1;939;92;220;40;110;26;40;19;79;156;44;6;51;78;250;$2639314
Jerome Robinson;LAC;33;0;320;44;110;18;57;6;9;3;38;19;11;3;13;46;112;$3046200
Jerryd Bayless;MIN;34;6;657;82;230;29;98;16;28;11;51;119;18;2;32;56;209;$8575916
Jevon Carter;MEM;39;3;577;56;185;34;102;26;32;14;52;69;26;11;33;55;172;$838464
Jimmer Fredette;PHO;6;0;65;8;29;0;13;6;6;1;6;8;3;0;5;5;22;$198580
Jimmy Butler;PHI;55;55;1824;344;747;50;148;264;304;105;185;220;99;29;81;93;1002;$20445779
Jimmy Butler;TOT;65;65;2185;418;904;67;193;312;365;121;221;263;123;39;95;111;1215;
Jimmy Butler;MIN;10;10;361;74;157;17;45;48;61;16;36;43;24;10;14;18;213;
Joakim Noah;MEM;42;1;693;110;213;0;1;78;109;58;180;89;20;31;50;96;298;$1731173
Jodie Meeks;TOR;8;0;104;21;39;8;18;1;1;1;11;8;1;1;2;5;51;$196724
Jodie Meeks;TOR;8;0;104;21;39;8;18;1;1;1;11;8;1;1;2;5;51;$122953
Joe Chealey;CHO;1;0;8;1;3;0;0;0;0;0;0;1;0;0;0;1;2;
Joe Harris;BRK;76;76;2293;374;748;183;386;110;133;52;239;181;38;17;121;182;1041;$8333333
Joe Ingles;UTA;82;82;2568;359;802;189;483;87;123;35;295;469;98;20;193;180;994;$13045455
Joel Embiid;PHI;64;64;2154;580;1199;79;263;522;649;160;711;234;46;122;226;211;1761;$25467250
John Collins;ATL;61;59;1829;465;831;55;158;203;266;219;376;121;22;39;120;199;1188;$2299080
John Henson;MIL;14;0;188;31;67;11;31;6;10;16;55;14;7;11;12;16;79;
John Holland;CLE;1;0;1;0;0;0;0;0;0;0;0;0;0;0;0;0;0;
John Jenkins;TOT;26;0;333;42;105;22;58;15;18;6;31;22;0;2;9;10;121;
John Jenkins;WAS;4;0;14;2;2;2;2;0;0;0;1;1;0;0;0;0;6;$99290
John Jenkins;NYK;22;0;319;40;103;20;56;15;18;6;30;21;0;2;9;10;115;$99290
John Jenkins;NYK;22;0;319;40;103;20;56;15;18;6;30;21;0;2;9;10;115;$99290
John Wall;WAS;32;32;1104;245;552;51;169;122;175;15;101;279;49;29;121;71;663;$19169800
Johnathan Motley;LAC;22;0;156;39;73;0;3;24;40;18;33;11;5;3;16;27;102;
Johnathan Williams;LAL;24;0;372;65;110;0;2;27;48;48;51;13;8;7;16;62;157;
Jon Leuer;DET;41;1;402;66;113;1;11;23;31;27;70;14;12;4;23;60;156;$10002681
Jonah Bolden;PHI;44;10;639;80;162;34;96;13;27;47;118;40;17;39;36;99;207;$1690000
Jonas Jerebko;GSW;73;6;1218;163;355;69;188;64;80;72;216;96;27;18;43;137;459;$2165481
Jonas Valanciunas;TOT;49;27;1091;301;538;14;48;147;185;106;313;70;19;53;90;146;763;
Jonas Valanciunas;TOR;30;10;564;149;259;9;30;77;94;54;162;29;13;23;39;82;384;
Jonas Valanciunas;MEM;19;17;527;152;279;5;18;70;91;52;151;41;6;30;51;64;379;$16539326
Jonathan Isaac;ORL;75;64;1996;262;611;86;266;110;135;99;312;80;59;98;75;143;720;$4969080
Jonathon Simmons;TOT;56;9;1064;133;350;28;104;72;97;27;99;128;29;15;68;89;366;
Jonathon Simmons;ORL;41;9;845;104;286;19;83;56;72;23;77;95;18;14;56;68;283;
Jonathon Simmons;PHI;15;0;219;29;64;9;21;16;25;4;22;33;11;1;12;21;83;$6000000
Jordan Bell;GSW;68;3;788;99;192;0;2;25;41;55;129;76;20;51;42;80;223;$1378252
Jordan Clarkson;CLE;81;0;2214;529;1180;144;445;162;192;82;188;196;57;13;135;112;1364;$12500000
Jordan Loyd;TOR;12;0;55;8;18;4;8;9;11;1;8;6;0;0;2;5;29;
Jordan McRae;WAS;27;0;333;61;130;10;35;28;35;6;34;30;13;7;15;26;160;
Jordan Sibert;ATL;1;0;4;1;1;1;1;0;0;0;0;0;0;0;0;0;3;$47371
Jose Calderon;DET;49;0;632;45;120;14;57;9;11;11;49;115;16;3;35;64;113;$2393887
Josh Hart;LAL;67;22;1715;189;464;92;274;55;80;35;213;93;64;40;58;147;525;$1655160
Josh Jackson;PHO;79;29;1988;347;841;73;225;143;213;66;281;183;74;56;173;209;910;$6041520
Josh Okogie;MIN;74;52;1757;196;508;60;215;118;162;41;177;91;88;33;63;166;570;$2160720
Josh Richardson;MIA;73;73;2539;423;1026;164;460;199;231;54;209;298;79;34;113;200;1209;$9367200
Jrue Holiday;NOP;67;67;2402;547;1159;118;363;208;271;75;259;518;109;54;210;148;1420;$25976111
Juan Hernangomez;DEN;70;25;1358;138;314;66;181;66;86;64;201;55;27;24;37;94;408;$2166360
Julian Washburn;MEM;18;3;254;16;48;5;24;3;4;8;33;14;13;2;7;16;40;
Julius Randle;NOP;73;49;2232;571;1089;67;195;356;487;162;472;229;52;45;208;246;1565;$8641000
Justin Anderson;ATL;48;4;463;64;157;24;77;26;35;24;60;23;22;13;23;48;178;$2516048
Justin Holiday;MEM;44;39;1282;149;383;65;195;54;60;27;127;61;54;15;57;85;417;$4384616
Justin Holiday;TOT;82;77;2607;300;777;162;465;95;106;46;277;146;121;36;104;164;857;
Justin Holiday;CHI;38;38;1325;151;394;97;270;41;46;19;150;85;67;21;47;79;440;
Justin Jackson;DAL;29;11;531;92;190;32;86;21;29;19;47;28;9;1;7;32;237;$2807880
Justin Jackson;TOT;81;14;1614;217;485;87;245;62;79;44;168;96;32;14;29;99;583;
Justin Jackson;SAC;52;3;1083;125;295;55;159;41;50;25;121;68;23;13;22;67;346;
Justin Patton;PHI;3;0;21;2;7;0;2;1;2;2;4;3;2;0;0;5;5;$2667600
Justise Winslow;MIA;66;52;1959;324;749;96;256;86;137;63;292;282;72;19;142;177;830;$3448926
Jusuf Nurkic;POR;72;72;1974;420;826;3;29;282;365;243;505;233;71;103;168;250;1125;$11111111
Kadeem Allen;NYK;19;1;416;65;141;17;36;42;54;8;43;76;16;4;26;46;189;
Kalin Lucas;DET;1;0;6;0;1;0;1;2;2;0;3;1;0;0;0;1;2;
Karl-Anthony Towns;MIN;77;77;2545;681;1314;142;355;376;450;263;691;259;67;125;240;292;1880;$7839435
Kawhi Leonard;TOR;60;60;2040;560;1129;112;302;364;426;78;361;199;106;24;121;87;1596;$23114067
Keita Bates-Diop;MIN;30;3;503;60;142;13;52;18;28;16;67;17;18;14;14;29;151;$838464
Kelly Olynyk;MIA;79;36;1812;261;564;113;319;152;185;72;303;140;53;37;114;183;787;$12137527
Kelly Oubre;PHO;40;12;1180;243;537;67;206;121;159;47;149;64;57;39;73;110;674;$3208630
Kelly Oubre;TOT;69;19;1935;375;842;108;338;189;244;71;254;84;84;59;103;181;1047;
Kelly Oubre;WAS;29;7;755;132;305;41;132;68;85;24;105;20;27;20;30;71;373;
Kemba Walker;CHO;82;82;2863;731;1684;260;731;380;450;52;309;484;102;34;211;131;2102;$12000000
Kenneth Faried;BRK;12;0;118;25;42;1;5;10;16;15;29;2;2;4;6;8;61;$13764045
Kenneth Faried;TOT;37;13;728;156;265;8;25;64;99;97;153;20;17;23;33;82;384;
Kenneth Faried;HOU;25;13;610;131;223;7;20;54;83;82;124;18;15;19;27;74;323;$917272
Kenrich Williams;NOP;46;29;1079;107;279;52;156;13;19;55;164;83;45;19;36;95;279;$838464
Kent Bazemore;ATL;67;35;1643;278;691;96;300;127;175;37;224;152;89;42;121;170;779;$18089887
Kentavious Caldwell-Pope;LAL;82;23;2035;325;756;151;435;137;158;48;190;110;73;13;65;137;938;$12000000
Kevin Durant;GSW;78;78;2702;721;1383;137;388;448;506;33;464;457;58;84;225;155;2027;$30000000
Kevin Huerter;ATL;75;59;2048;275;657;136;353;41;56;60;185;214;65;25;109;155;727;$2250960
Kevin Knox;NYK;75;57;2158;338;914;125;364;162;226;61;274;82;43;24;114;175;963;$3739920
Kevin Love;CLE;22;21;598;109;283;53;147;103;114;33;206;48;6;5;42;54;374;$24119025
Kevon Looney;GSW;80;24;1481;217;347;1;10;65;105;194;223;123;46;53;51;211;500;$1567007
Khem Birch;ORL;50;1;643;91;151;0;1;58;83;79;111;38;18;29;20;72;240;$1378242
Khris Middleton;MIL;77;77;2393;506;1148;179;474;216;258;50;411;331;80;7;174;172;1407;$13000000
Khyri Thomas;DET;26;0;195;22;69;10;35;7;11;4;16;8;7;5;4;22;61;$838464
Klay Thompson;GSW;78;78;2652;655;1402;241;599;129;158;37;262;186;84;47;115;157;1680;$18988725
Kobi Simmons;CLE;1;0;2;0;0;0;0;0;0;0;0;0;0;0;0;0;0;$76236
Kosta Koufos;SAC;42;1;502;73;153;0;0;10;24;52;125;36;15;18;27;68;156;$8739500
Kostas Antetokounmpo;DAL;2;0;11;0;3;0;0;2;4;0;1;0;2;0;1;0;2;
Kris Dunn;CHI;46;44;1389;215;506;34;96;55;69;19;168;277;68;21;104;166;519;$4221000
Kyle Anderson;MEM;43;40;1281;150;276;9;34;37;64;48;203;128;54;37;58;112;346;$8641000
Kyle Korver;UTA;54;0;1083;166;407;113;294;47;57;9;124;64;22;10;42;84;492;$7560000
Kyle Korver;TOT;70;0;1334;201;483;138;348;60;73;9;153;81;25;12;59;106;600;
Kyle Korver;CLE;16;0;251;35;76;25;54;13;16;0;29;17;3;2;17;22;108;
Kyle Kuzma;LAL;70;68;2314;496;1087;128;422;188;250;60;322;178;41;26;133;170;1308;$1689840
Kyle Lowry;TOR;65;65;2213;304;739;157;453;161;194;41;271;564;91;31;182;166;926;$31200000
Kyle O'Quinn;IND;45;3;371;69;136;1;12;17;21;29;90;56;9;25;31;68;156;$4449000
Kyrie Irving;BOS;67;67;2214;604;1241;174;434;214;245;71;264;464;103;34;172;167;1596;$20099189
LaMarcus Aldridge;SAS;81;81;2687;684;1319;10;42;349;412;251;493;194;43;107;144;179;1727;$22347015
Lance Stephenson;LAL;68;3;1123;184;432;73;197;50;73;32;183;140;41;7;86;111;491;$4449000
Lance Thomas;NYK;46;17;783;78;197;22;79;27;36;21;96;27;17;7;24;83;205;$7119650
Landry Shamet;TOT;79;27;1802;240;557;167;396;75;93;21;113;117;37;10;45;155;722;
Landry Shamet;PHI;54;4;1108;153;347;99;245;44;54;14;64;59;24;8;26;106;449;
Landry Shamet;LAC;25;23;694;87;210;68;151;31;39;7;49;58;13;2;19;49;273;$1703640
Langston Galloway;DET;80;4;1745;228;587;135;380;81;96;49;122;85;37;8;24;135;672;$7000000
Larry Nance;CLE;67;30;1795;249;479;33;98;96;134;168;384;214;100;40;97;192;627;$2272391
Lauri Markkanen;CHI;52;51;1682;342;795;120;332;170;195;74;396;75;37;33;85;122;974;$4536120
LeBron James;LAL;55;55;1937;558;1095;111;327;278;418;57;408;454;72;33;197;94;1505;$35654150
Lonnie Walker;SAS;17;0;118;16;46;5;13;8;10;0;17;9;7;3;4;7;45;$2357160
Lonzo Ball;LAL;47;45;1423;185;456;75;228;20;48;54;197;255;69;19;103;114;465;$7461960
Lorenzo Brown;TOR;26;0;212;23;71;6;28;3;3;5;26;28;12;5;16;22;55;$800000
Lou Williams;LAC;75;1;1993;484;1138;105;291;425;485;40;182;402;57;11;181;80;1498;$8000000
Luc Mbah a Moute;LAC;4;0;61;8;18;2;6;2;5;2;5;2;1;1;2;8;20;$4320500
Luka Doncic;DAL;72;72;2318;506;1186;168;514;346;485;86;477;429;77;25;247;137;1526;$6560640
Luke Kennard;DET;63;10;1437;228;520;106;269;51;61;12;171;114;26;10;57;92;613;$3275280
Luke Kornet;NYK;46;18;784;107;283;70;193;38;46;28;107;54;27;42;25;41;322;$1619000
Luol Deng;MIN;22;2;392;59;118;14;44;25;35;20;53;18;15;8;14;24;157;$2393887
Malachi Richardson;TOR;22;0;103;9;29;8;25;4;5;2;11;0;1;0;8;13;30;
Malcolm Brogdon;MIL;64;64;1832;378;748;104;244;141;152;65;223;205;46;13;91;102;1001;$1544951
Malcolm Miller;TOR;10;0;67;11;26;10;21;3;4;1;4;1;1;1;1;5;35;$457418
Malik Beasley;DEN;81;18;1879;349;737;163;405;56;66;35;165;97;55;10;55;116;917;$1773840
Malik Monk;CHO;73;0;1258;227;586;109;330;90;102;16;121;117;37;19;86;106;653;$3447480
Marc Gasol;TOR;26;19;648;87;187;23;52;40;52;24;148;101;24;23;36;70;237;$24119025
Marc Gasol;TOT;79;72;2436;390;870;99;273;192;253;80;547;349;84;86;155;217;1071;
Marc Gasol;MEM;53;53;1788;303;683;76;221;152;201;56;399;248;60;63;119;147;834;
Marcin Gortat;LAC;47;43;751;99;186;0;0;35;48;67;194;65;6;24;50;92;233;$13565218
Marco Belinelli;SAS;79;1;1815;285;690;147;395;112;124;16;182;132;35;8;72;121;829;$6153846
Marcus Derrickson;GSW;11;0;67;16;33;10;20;4;5;8;5;1;0;1;3;9;46;
Marcus Morris;BOS;75;53;2091;377;844;146;389;146;173;76;382;109;43;25;92;181;1046;$5375000
Marcus Smart;BOS;80;60;2200;239;567;126;346;104;129;57;177;321;143;28;123;201;708;$11660716
Mario Hezonja;NYK;58;24;1206;191;464;42;152;87;114;28;211;88;57;8;88;110;511;$6500000
Markelle Fultz;PHI;19;15;427;65;155;4;14;21;37;26;44;59;17;5;25;52;155;
Markieff Morris;TOT;58;16;1270;204;484;68;203;71;92;61;204;79;36;22;54;175;547;
Markieff Morris;WAS;34;15;883;143;328;48;144;57;73;41;133;60;25;20;47;117;391;
Markieff Morris;OKC;24;1;387;61;156;20;59;14;19;20;71;19;11;2;7;58;156;$573295
Marquese Chriss;TOT;43;2;499;67;180;16;72;32;45;40;102;22;17;11;36;81;182;
Marquese Chriss;HOU;16;0;104;11;34;1;15;6;7;7;21;6;2;4;12;17;29;
Marquese Chriss;CLE;27;2;395;56;146;15;57;26;38;33;81;16;15;7;24;64;153;$3206160
MarShon Brooks;MEM;29;0;387;76;169;15;54;23;33;12;33;25;9;4;21;33;190;
Marvin Bagley;SAC;62;4;1567;356;706;30;96;181;262;162;309;62;33;59;98;120;923;$7305600
Marvin Williams;CHO;75;75;2133;275;652;140;382;66;86;76;331;92;71;61;47;156;756;$14087500
Mason Plumlee;DEN;82;17;1731;262;442;2;10;111;198;165;359;243;66;76;126;252;637;$12917808
Matthew Dellavedova;CLE;36;0;715;92;223;40;119;38;48;6;61;152;12;2;57;66;262;$9607500
Matthew Dellavedova;TOT;48;0;812;98;242;44;130;42;52;6;71;181;14;2;68;75;282;
Matthew Dellavedova;MIL;12;0;97;6;19;4;11;4;4;0;10;29;2;0;11;9;20;
Maurice Harkless;POR;60;53;1415;189;388;33;120;49;73;77;192;74;67;53;45;163;460;$10837079
Maxi Kleber;DAL;71;18;1502;175;386;77;218;58;74;90;239;70;36;78;54;143;485;$1378242
Melvin Frazier;ORL;10;0;44;7;21;0;6;1;4;3;2;1;1;0;1;6;15;$1050000
Meyers Leonard;POR;61;2;878;132;242;50;111;43;51;49;184;75;13;9;43;105;357;$10595506
Michael Beasley;LAL;26;2;277;75;153;3;17;28;39;13;47;25;9;10;27;42;181;
Michael Carter-Williams;TOT;28;1;372;46;123;10;38;32;53;19;51;70;20;15;20;48;134;
Michael Carter-Williams;HOU;16;1;145;25;61;7;19;12;26;3;10;21;9;6;10;27;69;
Michael Carter-Williams;ORL;12;0;227;21;62;3;19;20;27;16;41;49;11;9;10;21;65;$198580
Michael Kidd-Gilchrist;CHO;64;3;1179;158;332;16;47;95;123;88;158;61;32;39;43;156;427;$13000000
Mikal Bridges;PHO;82;56;2417;242;563;105;313;95;118;56;208;173;129;38;70;201;684;$3552960
Mike Conley;MEM;70;70;2342;490;1120;155;426;343;406;40;199;449;94;22;130;123;1478;$30521116
Mike Muscala;LAL;17;4;265;36;83;21;57;7;8;6;38;14;4;11;5;18;100;$5000000
Mike Muscala;TOT;64;10;1306;145;361;89;256;70;85;57;187;76;22;38;48;130;449;
Mike Muscala;PHI;47;6;1041;109;278;68;199;63;77;51;149;62;18;27;43;112;349;
Mike Scott;TOT;79;3;1395;168;420;101;252;22;33;43;233;66;26;13;44;156;459;
Mike Scott;LAC;52;0;748;92;230;52;133;12;18;24;150;44;17;8;27;88;248;
Mike Scott;PHI;27;3;647;76;190;49;119;10;15;19;83;22;9;5;17;68;211;$4320500
Miles Bridges;CHO;80;25;1696;237;511;65;200;58;77;67;256;95;55;49;50;111;597;$3206640
Miles Plumlee;ATL;18;0;173;32;48;0;0;16;30;16;23;17;6;4;10;14;80;$12500000
Milos Teodosic;LAC;15;0;150;17;40;10;27;4;7;3;13;32;3;1;21;27;48;$6300000
Mitch Creek;TOT;5;0;48;8;16;0;2;5;7;6;6;6;2;0;1;3;21;
Mitch Creek;BRK;4;0;36;5;10;0;1;5;7;5;5;5;1;0;0;3;15;$94742
Mitch Creek;MIN;1;0;12;3;6;0;1;0;0;1;1;1;1;0;1;0;6;$47371
Mitchell Robinson;NYK;66;19;1360;202;291;0;0;81;135;177;246;37;52;161;35;217;485;$1485440
Mohamed Bamba;ORL;47;1;766;117;243;21;70;37;63;64;169;39;13;64;43;102;292;$4865040
Monte Morris;DEN;82;6;1970;346;702;94;227;65;81;35;159;297;73;4;52;102;851;$1349383
Montrezl Harrell;LAC;82;5;2158;546;888;3;17;266;414;184;351;162;71;110;132;255;1361;$6000000
Moritz Wagner;LAL;43;5;446;71;171;22;77;43;53;17;68;24;11;13;39;57;207;$1762080
Myles Turner;IND;74;74;2119;380;780;76;196;148;201;101;430;115;60;199;100;195;984;$3410284
Naz Mitrou-Long;UTA;14;0;84;6;20;2;11;2;2;1;5;15;1;1;8;10;16;
Nemanja Bjelica;SAC;77;70;1788;284;593;103;257;70;92;125;319;147;54;56;82;197;741;$6500000
Nene Hilario;HOU;42;2;546;60;116;0;3;31;47;34;89;26;18;15;11;87;151;$3651480
Nerlens Noel;OKC;77;2;1055;162;276;0;0;54;79;127;198;45;66;96;48;166;378;$1757429
Nick Young;DEN;4;0;37;3;9;3;8;0;0;0;1;2;0;1;2;4;9;$311070
Nicolas Batum;CHO;75;72;2354;253;562;116;298;77;89;71;319;247;71;43;117;140;699;$24000000
Nik Stauskas;TOT;68;0;1015;136;338;70;188;57;64;18;109;81;21;7;51;50;399;
Nik Stauskas;POR;44;0;673;96;229;43;125;32;36;10;70;62;14;4;40;31;267;
Nik Stauskas;CLE;24;0;342;40;109;27;63;25;28;8;39;19;7;3;11;19;132;$540472
Nikola Jokic;DEN;80;80;2504;616;1206;83;270;289;352;228;637;580;108;55;248;228;1604;$24605181
Nikola Mirotic;MIL;14;3;320;56;135;31;87;20;23;14;61;20;10;9;11;21;163;$12500000
Nikola Mirotic;TOT;46;25;1245;238;542;116;318;105;124;60;279;55;31;34;48;107;697;
Nikola Mirotic;NOP;32;22;925;182;407;85;231;85;101;46;218;35;21;25;37;86;534;
Nikola Vucevic;ORL;80;80;2510;701;1354;84;231;179;227;224;736;307;81;89;159;157;1665;$12750000
Noah Vonleh;NYK;68;57;1722;207;440;46;137;111;156;113;415;129;46;51;88;174;571;$1621415
Norman Powell;TOR;60;3;1126;193;400;68;170;62;75;16;123;91;39;13;65;96;516;$9367200
OG Anunoby;TOR;67;6;1352;183;404;67;202;36;62;58;139;47;46;22;55;140;469;$1952760
Okaro White;WAS;3;0;6;0;2;0;2;0;0;1;1;0;0;0;0;0;0;$264919
Omari Spellman;ATL;46;11;805;98;244;44;128;32;45;72;122;47;26;25;31;67;272;$1620480
Omri Casspi;MEM;36;0;520;86;161;15;43;39;58;17;98;26;20;9;23;35;226;$2176260
Otto Porter;CHI;15;15;492;97;201;39;80;29;32;14;69;40;18;9;25;29;262;$26011913
Otto Porter;TOT;56;43;1683;299;643;104;256;78;96;54;260;120;82;31;65;108;780;
Otto Porter;WAS;41;28;1191;202;442;65;176;49;64;40;191;80;64;22;40;79;518;
P.J. Tucker;HOU;82;82;2802;207;523;146;387;41;59;121;358;96;132;39;63;252;601;$7969537
Pascal Siakam;TOR;80;79;2548;519;945;79;214;237;302;124;425;248;73;52;154;241;1354;$1544951
Pat Connaughton;MIL;61;2;1261;163;350;66;200;29;40;61;197;122;33;25;33;81;421;$1641000
Patrick Beverley;LAC;78;49;2137;194;477;112;282;96;123;76;312;300;67;43;85;265;596;$5027028
Patrick McCaw;TOT;29;1;397;26;63;9;28;13;15;7;41;29;23;2;17;38;74;
Patrick McCaw;CLE;3;0;53;2;9;1;4;0;0;0;3;2;2;0;3;1;5;$323529
Patrick McCaw;TOR;26;1;344;24;54;8;24;13;15;7;38;27;21;2;14;37;69;$786000
Patrick Patterson;OKC;63;5;861;82;219;46;137;19;30;42;105;31;16;13;22;46;229;$5451600
Patty Mills;SAS;82;1;1908;282;663;159;404;88;103;24;158;245;49;10;93;129;811;$11571429
Pau Gasol;SAS;27;6;330;41;88;5;10;27;38;22;105;50;5;14;14;28;114;$15100000
Pau Gasol;TOT;30;6;360;42;94;6;13;28;40;22;115;52;5;15;16;29;118;
Pau Gasol;MIL;3;0;30;1;6;1;3;1;2;0;10;2;0;1;2;1;4;$527467
Paul George;OKC;77;77;2841;707;1614;292;757;453;540;105;523;318;170;34;205;214;2159;$30560700
Paul Millsap;DEN;70;65;1895;322;665;58;159;181;249;153;352;141;83;54;95;183;883;$29730769
PJ Dozier;BOS;6;0;51;8;21;2;8;1;2;6;11;5;2;0;0;2;19;
Quincy Acy;PHO;10;0;123;4;18;2;15;7;10;3;22;8;1;4;4;24;17;$213949
Quincy Pondexter;SAS;53;0;292;29;58;6;18;34;42;8;38;24;11;1;13;24;98;$2165481
Quinn Cook;GSW;74;10;1059;204;439;81;200;20;26;22;135;116;20;3;50;92;509;$1544951
R.J. Hunter;BOS;1;0;26;6;13;4;10;1;2;1;2;3;1;0;0;3;17;
Rajon Rondo;LAL;46;29;1369;175;432;51;142;23;36;34;209;367;57;7;127;100;424;$9000000
Raul Neto;UTA;37;1;474;74;161;20;60;28;33;6;56;93;14;4;35;49;196;$2150000
Rawle Alkins;CHI;10;1;120;13;39;3;12;8;12;11;15;13;1;0;8;7;37;
Ray Spalding;TOT;14;3;148;25;47;0;3;4;12;15;33;5;9;8;9;23;54;
Ray Spalding;DAL;1;0;1;0;0;0;0;0;0;0;0;0;0;0;0;0;0;$838464
Ray Spalding;PHO;13;3;147;25;47;0;3;4;12;15;33;5;9;8;9;23;54;$184746
Ray Spalding;PHO;13;3;147;25;47;0;3;4;12;15;33;5;9;8;9;23;54;$47371
Raymond Felton;OKC;33;0;379;55;135;20;61;12;13;4;30;52;10;6;14;29;142;$2393887
Reggie Bullock;TOT;63;60;1879;245;594;148;393;73;85;22;151;129;40;12;65;109;711;
Reggie Bullock;DET;44;44;1355;182;441;114;294;56;64;20;103;109;24;5;54;79;534;
Reggie Bullock;LAL;19;16;524;63;153;34;99;17;21;2;48;20;16;7;11;30;177;$2500000
Reggie Jackson;DET;82;82;2289;441;1047;174;471;204;236;45;171;344;55;9;148;208;1260;$17043478
Richaun Holmes;PHO;70;4;1184;222;365;0;0;128;175;115;216;60;42;79;52;194;572;$1600520
Ricky Rubio;UTA;68;67;1899;295;730;79;254;195;228;33;210;416;91;10;180;180;864;$14975000
Robert Covington;MIN;22;22;763;106;245;55;148;51;66;21;105;32;50;24;25;81;318;$10464092
Robert Covington;TOT;35;35;1203;156;362;85;225;68;89;28;165;46;74;47;47;126;465;
Robert Covington;PHI;13;13;440;50;117;30;77;17;23;7;60;14;24;23;22;45;147;
Robert Williams;BOS;32;2;283;36;51;0;0;9;15;27;54;7;9;40;10;36;81;$1654440
Robin Lopez;CHI;74;36;1606;304;535;7;31;89;123;140;146;89;11;78;96;124;704;$14357750
Rodions Kurucs;BRK;63;46;1294;202;449;58;184;72;92;56;190;52;41;25;77;146;534;$1618320
Rodney Hood;POR;27;4;659;98;217;29;84;33;41;7;38;34;21;7;19;45;258;$3472887
Rodney Hood;TOT;72;49;1893;292;671;84;236;137;155;25;132;126;59;12;55;146;805;
Rodney Hood;CLE;45;45;1234;194;454;55;152;104;114;18;94;92;38;5;36;101;547;
Rodney McGruder;MIA;66;45;1550;186;461;79;225;52;72;60;178;112;36;12;64;115;503;
Ron Baker;TOT;15;0;152;4;20;1;13;5;6;1;10;15;6;1;5;18;14;
Ron Baker;NYK;11;0;107;4;16;1;9;5;6;1;6;13;5;0;3;16;14;$4544400
Ron Baker;WAS;4;0;45;0;4;0;4;0;0;0;4;2;1;1;2;2;0;$170915
Rondae Hollis-Jefferson;BRK;59;21;1234;200;487;9;49;118;183;83;227;96;44;27;68;107;527;$2470357
Royce O'Neale;UTA;82;16;1671;163;343;68;176;32;42;22;263;124;54;24;70;172;426;$1378242
Rudy Gay;SAS;69;51;1842;376;746;74;184;120;147;63;407;182;54;34;114;159;946;$10087200
Rudy Gobert;UTA;81;80;2577;476;712;0;0;332;522;309;732;161;66;187;130;231;1284;$23241573
Russell Westbrook;OKC;73;73;2630;630;1473;119;411;296;451;109;698;784;142;33;325;245;1675;$35654150
Ryan Anderson;TOT;25;8;322;21;69;9;40;12;16;18;36;19;4;1;14;25;63;
Ryan Anderson;PHO;15;8;278;19;60;7;34;11;14;14;31;17;3;1;12;23;56;
Ryan Anderson;MIA;10;0;44;2;9;2;6;1;2;4;5;2;1;0;2;2;7;$20421546
Ryan Arcidiacono;CHI;81;32;1961;187;418;81;217;89;102;27;192;269;65;4;63;171;544;$1349383
Ryan Broekhoff;DAL;42;0;453;57;126;38;93;15;19;8;55;22;6;4;16;35;167;$838464
Salah Mejri;DAL;36;4;399;55;112;11;34;20;32;36;95;35;10;26;21;55;141;$1567007
Sam Dekker;TOT;47;5;788;120;256;19;62;28;46;53;95;46;38;7;24;47;287;
Sam Dekker;CLE;9;5;169;22;48;5;13;8;10;9;24;9;11;0;5;13;57;
Sam Dekker;WAS;38;0;619;98;208;14;49;20;36;44;71;37;27;7;19;34;230;$2760095
Scott Machado;LAL;4;0;19;4;6;1;1;1;1;0;0;3;1;0;0;2;10;$47371
Semi Ojeleye;BOS;56;3;594;67;158;28;89;24;39;24;62;23;10;4;19;43;186;$1378242
Serge Ibaka;TOR;74;51;2010;464;877;49;169;135;177;156;445;99;29;103;114;211;1112;$21666667
Seth Curry;POR;74;2;1399;212;465;113;251;44;52;27;93;66;36;12;61;97;581;$2795000
Shabazz Napier;BRK;56;2;983;169;435;76;228;115;138;18;82;143;41;16;66;67;529;$1942422
Shai Gilgeous-Alexander;LAC;82;73;2174;341;716;51;139;156;195;57;175;270;96;45;141;175;889;$3375360
Shake Milton;PHI;20;0;268;34;87;14;44;5;7;9;26;18;8;8;6;29;87;
Shaquille Harrison;CHI;73;11;1430;184;426;24;89;82;123;33;189;139;89;30;60;124;474;$1311265
Shaun Livingston;GSW;64;0;967;109;210;0;2;40;51;42;75;114;31;27;38;74;258;$8307692
Shelvin Mack;CHO;4;0;42;2;14;0;2;5;9;0;2;1;2;0;4;3;9;$2029463
Shelvin Mack;TOT;57;3;1246;163;403;46;130;58;84;18;86;183;47;4;66;84;430;
Shelvin Mack;MEM;53;3;1204;161;389;46;128;53;75;18;84;182;45;4;62;81;421;
Sindarius Thornwell;LAC;64;1;313;17;49;3;15;25;34;5;39;18;14;7;20;41;62;$1378242
Skal Labissiere;TOT;22;1;176;26;49;6;13;9;17;9;34;11;5;6;11;29;67;
Skal Labissiere;SAC;13;0;113;13;30;4;11;6;11;4;20;6;2;3;7;21;36;
Skal Labissiere;POR;9;1;63;13;19;2;2;3;6;5;14;5;3;3;4;8;31;$1544951
Solomon Hill;NOP;44;15;878;68;178;32;101;23;32;34;99;55;23;10;31;80;191;$12252928
Spencer Dinwiddie;BRK;68;4;1914;366;828;124;370;287;356;26;140;311;40;17;152;187;1143;$1656092
Stanley Johnson;NOP;18;0;247;38;91;11;34;9;13;9;33;28;12;1;26;22;96;$3940402
Stanley Johnson;TOT;66;7;1208;171;440;62;215;50;64;34;183;88;60;14;81;114;454;
Stanley Johnson;DET;48;7;961;133;349;51;181;41;51;25;150;60;48;13;55;92;358;
Stephen Curry;GSW;69;69;2331;632;1340;354;810;263;287;45;324;361;92;25;192;166;1881;$37457154
Sterling Brown;MIL;58;7;1034;145;312;53;147;29;42;29;155;84;25;8;46;88;372;$1378242
Steven Adams;OKC;80;80;2669;481;809;0;2;146;292;391;369;124;117;76;135;204;1108;$24157304
Sviatoslav Mykhailiuk;DET;3;0;20;2;8;2;4;0;0;1;1;4;1;0;1;0;6;$1487694
Sviatoslav Mykhailiuk;TOT;42;0;440;46;140;29;89;12;20;9;27;37;14;1;21;25;133;
Sviatoslav Mykhailiuk;LAL;39;0;420;44;132;27;85;12;20;8;26;33;13;1;20;25;127;
T.J. Leaf;IND;58;1;522;99;183;8;31;19;31;43;82;24;9;19;12;35;225;$2407560
T.J. McConnell;PHI;76;3;1470;220;419;14;42;29;37;28;146;258;79;17;91;105;483;$1600520
T.J. Warren;PHO;43;36;1360;297;611;77;180;101;124;31;143;64;51;29;52;119;772;$11750000
Tahjere McCall;BRK;1;0;8;2;3;0;1;0;1;0;1;0;0;0;0;2;4;$47371
Taj Gibson;MIN;70;57;1686;304;537;11;34;134;177;172;286;84;53;39;73;186;753;$14000000
Taurean Waller-Prince;ATL;55;47;1552;262;594;123;315;95;116;22;177;118;53;19;100;141;742;$2526840
Terrance Ferguson;OKC;74;74;1931;185;431;106;290;37;51;33;108;72;40;16;47;231;513;$2118840
Terrence Jones;HOU;2;0;5;1;4;0;2;0;1;0;4;0;0;0;1;1;2;$198580
Terrence Ross;ORL;81;0;2150;440;1027;217;566;126;144;27;253;135;72;29;90;119;1223;$10500000
Terry Rozier;BOS;79;14;1791;258;666;119;337;73;93;32;275;231;68;21;68;101;708;$3050390
Thabo Sefolosha;UTA;50;2;609;71;149;34;78;14;22;8;115;27;43;5;25;41;190;$5250000
Thaddeus Young;IND;81;81;2489;443;841;51;146;87;135;192;331;204;123;36;123;194;1024;$13764045
Theo Pinson;BRK;18;0;211;25;73;12;46;19;22;4;32;21;6;0;18;15;81;
Thomas Bryant;WAS;72;53;1496;309;502;33;99;107;137;113;341;92;25;67;60;126;758;$1378242
Thomas Welsh;DEN;11;0;36;7;13;3;7;1;2;0;4;5;0;0;1;3;18;
Thon Maker;DET;29;5;563;50;134;23;75;36;47;24;82;27;11;33;24;50;159;$2799720
Thon Maker;TOT;64;5;972;109;268;49;153;56;84;41;161;45;21;51;33;105;323;
Thon Maker;MIL;35;0;409;59;134;26;78;20;37;17;79;18;10;18;9;55;164;
Tim Frazier;TOT;59;19;1120;116;261;37;101;41;54;41;127;248;30;5;76;112;310;
Tim Frazier;NOP;47;17;909;88;195;27;77;32;41;32;105;206;25;4;60;93;235;$1621415
Tim Frazier;MIL;12;2;211;28;66;10;24;9;13;9;22;42;5;1;16;19;75;$205098
Tim Hardaway;DAL;19;17;558;108;267;45;140;33;43;7;54;37;12;2;24;35;294;$17325000
Tim Hardaway;TOT;65;63;2057;390;993;162;477;232;276;33;189;159;54;8;105;141;1174;
Tim Hardaway;NYK;46;46;1499;282;726;117;337;199;233;26;135;122;42;6;81;106;880;
Timothe Luwawu-Cabarrot;CHI;29;6;546;69;175;31;94;27;35;7;72;22;15;7;16;59;196;$1544951
Timothe Luwawu-Cabarrot;TOT;50;7;669;82;218;36;116;31;41;11;86;26;19;8;21;73;231;
Timothe Luwawu-Cabarrot;OKC;21;1;123;13;43;5;22;4;6;4;14;4;4;1;5;14;35;
Tobias Harris;PHI;27;27;944;187;399;44;135;74;88;32;181;79;11;13;42;61;492;$14800000
Tobias Harris;TOT;82;82;2847;611;1254;156;393;266;307;69;576;229;51;37;151;184;1644;
Tobias Harris;LAC;55;55;1903;424;855;112;258;192;219;37;395;150;40;24;109;123;1152;
Tomas Satoransky;WAS;80;54;2164;257;530;64;162;131;160;82;197;399;82;13;120;172;709;$3129187
Tony Bradley;UTA;3;0;36;8;16;0;0;1;2;9;6;1;2;2;3;6;17;$1679520
Tony Parker;CHO;56;0;1003;213;463;13;51;91;124;14;69;207;21;7;75;53;530;$5000000
Tony Snell;MIL;74;12;1304;163;361;81;204;37;42;29;128;68;26;18;23;90;444;$10607143
Torrey Craig;DEN;75;37;1503;160;362;61;188;49;70;89;174;72;37;46;44;175;430;$2000000
Trae Young;ATL;81;81;2503;525;1256;156;482;343;414;64;237;653;72;15;308;140;1549;$5356440
Treveon Graham;BRK;35;21;715;64;191;38;128;18;22;23;84;34;13;7;17;68;184;$1512601
Trevon Duval;MIL;3;0;6;2;3;1;1;0;0;0;1;2;0;0;0;0;5;
Trevor Ariza;TOT;69;69;2349;294;736;145;434;130;164;50;321;252;91;21;106;130;863;
Trevor Ariza;PHO;26;26;884;86;227;50;139;36;43;16;129;87;38;8;39;44;258;
Trevor Ariza;WAS;43;43;1465;208;509;95;295;94;121;34;192;165;53;13;67;86;605;$15000000
Trey Burke;TOT;58;8;1125;236;548;56;159;103;124;28;71;159;33;7;49;58;631;
Trey Burke;NYK;33;7;689;148;358;30;86;62;75;15;47;94;21;5;29;33;388;
Trey Burke;DAL;25;1;436;88;190;26;73;41;49;13;24;65;12;2;20;25;243;$1795015
Trey Lyles;DEN;64;2;1120;207;495;51;200;81;116;44;202;87;30;23;68;93;546;$3364249
Tristan Thompson;CLE;43;40;1198;201;380;0;0;68;106;173;265;86;28;16;59;89;470;$17469565
Troy Brown;WAS;52;10;730;97;234;22;69;32;47;35;110;80;21;5;30;56;248;$2749080
Troy Caupain;ORL;4;0;16;4;8;2;3;0;0;1;2;4;1;0;0;0;10;
Troy Daniels;PHO;51;1;760;113;275;74;194;18;23;13;60;26;26;5;27;79;318;$3258539
Troy Williams;SAC;21;0;312;44;98;14;44;9;15;12;47;11;10;8;9;37;111;
Tyler Cavanaugh;UTA;11;0;39;3;10;1;5;2;2;3;5;1;0;0;1;3;9;
Tyler Davis;OKC;1;0;1;0;1;0;0;0;0;1;0;0;0;0;0;0;0;
Tyler Dorsey;TOT;48;11;698;107;264;44;132;38;61;27;86;56;14;2;27;53;296;
Tyler Dorsey;ATL;27;0;251;32;89;10;39;16;26;9;34;17;7;1;10;20;90;
Tyler Dorsey;MEM;21;11;447;75;175;34;93;22;35;18;52;39;7;1;17;33;206;$1378242
Tyler Johnson;PHO;13;12;406;46;125;18;56;34;39;15;37;54;14;6;14;25;144;$19245370
Tyler Johnson;TOT;57;22;1529;217;526;90;260;95;127;34;139;166;54;27;77;97;619;
Tyler Johnson;MIA;44;10;1123;171;401;72;204;61;88;19;102;112;40;21;63;72;475;
Tyler Lydon;DEN;25;0;94;9;18;4;10;1;3;7;11;6;2;0;4;10;23;$1874640
Tyler Ulis;CHI;1;0;1;0;0;0;0;0;0;0;0;0;0;0;0;0;0;
Tyler Zeller;TOT;6;1;93;16;30;0;1;14;18;11;13;4;1;3;4;20;46;
Tyler Zeller;ATL;2;0;11;0;2;0;1;0;0;2;4;1;0;0;0;4;0;$106974
Tyler Zeller;MEM;4;1;82;16;28;0;0;14;18;9;9;3;1;3;4;16;46;
Tyreke Evans;IND;69;18;1402;257;660;77;216;115;160;33;168;166;58;18;118;118;706;$12400000
Tyrone Wallace;LAC;62;0;628;92;217;4;19;30;57;20;81;42;21;7;36;83;218;$1349383
Tyson Chandler;PHO;7;0;89;8;12;0;0;10;18;7;32;6;2;1;7;21;26;$13585000
Tyson Chandler;TOT;55;6;875;61;99;0;1;51;87;92;215;37;21;23;42;110;173;
Tyson Chandler;LAL;48;6;786;53;87;0;1;41;69;85;183;31;19;22;35;89;147;$2393887
Tyus Jones;MIN;68;23;1560;185;446;40;126;58;69;23;111;327;81;5;47;78;468;$2444053
Udonis Haslem;MIA;10;1;74;11;33;0;12;3;4;3;24;2;0;0;3;9;25;$2393887
Victor Oladipo;IND;36;36;1147;249;588;74;216;103;141;21;181;186;60;11;82;72;675;$21000000
Vince Carter;ATL;76;9;1330;196;468;123;316;47;66;31;163;87;44;27;48;141;562;$2393887
Vince Edwards;HOU;2;0;16;1;4;1;4;0;0;1;1;0;0;0;0;0;3;
Wade Baldwin;POR;16;0;94;10;33;2;9;8;11;2;13;12;1;2;14;11;30;
Walt Lemon;CHI;6;3;167;38;87;2;5;8;11;4;23;30;11;1;10;14;86;
Wayne Ellington;TOT;53;38;1297;184;457;138;372;39;49;14;93;72;54;6;40;92;545;
Wayne Ellington;MIA;25;12;533;69;184;57;155;14;16;6;41;29;24;3;14;40;209;
Wayne Ellington;DET;28;26;764;115;273;81;217;25;33;8;52;43;30;3;26;52;336;$2383076
Wayne Selden;TOT;75;13;1439;196;483;55;174;67;92;37;143;109;33;13;79;131;514;
Wayne Selden;MEM;32;0;455;65;161;20;63;22;29;16;28;36;10;6;23;48;172;
Wayne Selden;CHI;43;13;984;131;322;35;111;45;63;21;115;73;23;7;56;83;342;$1544951
Wendell Carter;CHI;44;44;1110;180;371;6;32;89;112;87;220;78;26;58;65;152;455;$4441200
Wesley Iwundu;ORL;68;13;1233;113;274;29;79;84;103;37;147;73;28;22;44;123;339;$1378242
Wesley Johnson;WAS;12;0;157;10;40;6;26;7;10;2;16;7;2;5;6;18;33;$6134520
Wesley Johnson;TOT;38;13;534;45;128;25;76;13;19;12;60;23;14;12;18;63;128;
Wesley Johnson;NOP;26;13;377;35;88;19;50;6;9;10;44;16;12;7;12;45;95;
Wesley Matthews;NYK;2;1;54;4;19;2;10;4;5;1;2;5;1;1;2;2;14;$18622514
Wesley Matthews;TOT;69;68;2091;279;698;150;403;132;163;32;138;160;54;17;91;160;840;
Wesley Matthews;DAL;44;44;1312;194;469;100;263;87;110;20;82;100;33;12;58;102;575;
Wesley Matthews;IND;23;23;725;81;210;48;130;41;48;11;54;55;20;4;31;56;251;$737715
Will Barton;DEN;43;38;1189;185;460;67;196;57;74;32;167;124;18;22;65;82;494;$11830358
Willie Cauley-Stein;SAC;81;81;2213;412;741;1;2;140;254;181;497;194;96;51;84;227;965;$4696875
Willy Hernangomez;CHO;58;3;812;153;295;15;39;100;144;117;194;60;16;20;58;98;421;$1544951
Wilson Chandler;LAC;15;1;226;23;66;13;40;5;7;4;43;10;3;3;7;29;64;$12800562
Wilson Chandler;TOT;51;33;1177;114;273;59;158;18;25;48;167;82;25;21;46;123;305;
Wilson Chandler;PHI;36;32;951;91;207;46;118;13;18;44;124;72;22;18;39;94;241;
Yante Maten;MIA;2;0;13;1;4;0;1;0;0;1;2;0;1;0;0;0;2;
Yogi Ferrell;SAC;71;3;1067;153;352;54;149;60;67;13;96;137;36;4;40;64;420;$3000000
Yuta Watanabe;MEM;15;0;174;15;51;2;16;7;10;4;27;8;4;1;6;11;39;
Zach Collins;POR;77;0;1356;189;400;40;121;94;126;109;215;71;25;66;77;174;512;$3628920
Zach LaVine;CHI;63;62;2171;530;1135;120;321;312;375;40;254;283;60;26;215;140;1492;$19500000
Zach Lofton;DET;1;0;4;0;1;0;1;0;0;0;0;0;1;0;1;0;0;
Zaza Pachulia;DET;68;3;878;85;193;0;4;97;124;99;166;91;31;17;57;151;267;$2393887
Zhaire Smith;PHI;6;2;111;14;34;6;16;6;8;3;10;10;2;2;6;8;40;$2611800
Zhou Qi;HOU;1;0;1;1;1;0;0;0;0;0;0;0;0;0;0;0;2;$506134
